dataset,baseline,baseline_key,n_trials,best_hparams,best_val_pop_auc,auc_no_extended,auc_has_extended,auc_pop_weighted,n_no_extended,n_has_extended,n_train,n_test,elapsed_sec,seed,date
Weather,AdaptiveXGBoost,axgb,15,"{""n_estimators"": 30, ""learning_rate"": 0.20940176623070111, ""max_depth"": 9, ""max_window_size"": 2000, ""update_strategy"": ""push""}",0.809512318378548,0.8000705422131016,0.8322101187851578,0.8121935904960812,3114,1886,20000,5000,2.9,42,2026-05-02
ClientRecord,AdaptiveXGBoost,axgb,15,"{""n_estimators"": 50, ""learning_rate"": 0.1638749409902834, ""max_depth"": 7, ""max_window_size"": 500, ""update_strategy"": ""replace""}",0.8668485566811692,0.8371699428725654,0.896171637602338,0.860117372760369,861,548,5634,1409,1.4,42,2026-05-02
HRAnalytics,AdaptiveXGBoost,axgb,15,"{""n_estimators"": 30, ""learning_rate"": 0.09289065483316929, ""max_depth"": 7, ""max_window_size"": 5000, ""update_strategy"": ""replace""}",0.7501941457906511,0.7346220304914604,0.78114741406762,0.7667235738566395,1188,2644,15326,3832,2.3,42,2026-05-02
FlightDelay,AdaptiveXGBoost,axgb,15,"{""n_estimators"": 30, ""learning_rate"": 0.09614738817064541, ""max_depth"": 5, ""max_window_size"": 5000, ""update_strategy"": ""push""}",0.6486053685421077,0.6434366414835165,0.6390686559050509,0.6392870551839742,1000,19000,80000,20000,11.0,42,2026-05-02
BankLoanSta,AdaptiveXGBoost,axgb,15,"{""n_estimators"": 30, ""learning_rate"": 0.2976751505973729, ""max_depth"": 5, ""max_window_size"": 5000, ""update_strategy"": ""push""}",0.6655944113409313,0.5033233004219104,0.6181528662420381,0.5461834358642731,12535,7465,80000,20000,12.7,42,2026-05-02
CreditRisk,AdaptiveXGBoost,axgb,15,"{""n_estimators"": 30, ""learning_rate"": 0.2922351628014255, ""max_depth"": 5, ""max_window_size"": 1000, ""update_strategy"": ""replace""}",0.7325902581981684,0.7164661315411833,0.7386812336337647,0.7187792790465733,14334,1666,64000,16000,18.7,42,2026-05-02
DiabetesRecord,AdaptiveXGBoost,axgb,15,"{""n_estimators"": 30, ""learning_rate"": 0.21553724853816694, ""max_depth"": 7, ""max_window_size"": 2000, ""update_strategy"": ""push""}",0.6246342961791668,0.623397162686323,0.625890939190986,0.6248631170873395,8389,11965,81412,20354,20.3,42,2026-05-02
WeatherAUS,AdaptiveXGBoost,axgb,15,"{""n_estimators"": 50, ""learning_rate"": 0.14615606853189012, ""max_depth"": 9, ""max_window_size"": 5000, ""update_strategy"": ""push""}",0.8705908843831295,0.8516739427214814,0.8772135254303374,0.8692972336627448,8815,19624,113754,28439,20.2,42,2026-05-02
WIDS,AdaptiveXGBoost,axgb,15,"{""n_estimators"": 100, ""learning_rate"": 0.29609494083340077, ""max_depth"": 7, ""max_window_size"": 5000, ""update_strategy"": ""replace""}",0.8530904265976965,0.8525686688511784,0.8528726384574024,0.8526958545202493,10668,7675,73370,18343,32.7,42,2026-05-02
MovieAugV2,AdaptiveXGBoost,axgb,15,"{""n_estimators"": 50, ""learning_rate"": 0.08499054996054774, ""max_depth"": 5, ""max_window_size"": 5000, ""update_strategy"": ""push""}",0.8744508929566172,0.6826332694491766,0.9180460717853516,0.8620866046344878,5347,17147,89972,22494,43.8,42,2026-05-02
ClientRecord,EMLI,emli,15,"{""k"": 32, ""margin"": 0.15384213986729253, ""lr"": 0.003200672229922935, ""n_epochs"": 30, ""triplet_weight"": 0.798555753651075, ""consistency_weight"": 0.9983173783967003}",0.8497512765292802,0.8054743376366336,0.9290456190605222,0.8535347082684938,861,548,5634,1409,55.7,42,2026-05-02
ClientRecord,GBDT-IL,gbdt_il,15,"{""initial_trees"": 100, ""num_inc_tree"": 50, ""win_size"": 500, ""learning_rate"": 0.014132969381537014, ""max_depth"": 10}",0.8642078093180151,0.840948450362107,0.9350455803510944,0.8775454888532107,861,548,5634,1409,4.9,42,2026-05-02
Weather,GBDT-IL,gbdt_il,15,"{""initial_trees"": 100, ""num_inc_tree"": 50, ""win_size"": 1000, ""learning_rate"": 0.014412820591963395, ""max_depth"": 6}",0.8298397412593063,0.8272182173807852,0.8489631351799147,0.8354204003746168,3114,1886,20000,5000,14.9,42,2026-05-02
HRAnalytics,GBDT-IL,gbdt_il,15,"{""initial_trees"": 100, ""num_inc_tree"": 15, ""win_size"": 1000, ""learning_rate"": 0.01127205849868025, ""max_depth"": 6}",0.7526208771490195,0.7296307289034124,0.7952804749908217,0.7749276831453513,1188,2644,15326,3832,19.2,42,2026-05-02
BankLoanSta,GBDT-IL,gbdt_il,15,"{""initial_trees"": 100, ""num_inc_tree"": 15, ""win_size"": 1000, ""learning_rate"": 0.01127205849868025, ""max_depth"": 6}",0.6625618448045462,0.62671951542118,0.7249255819732798,0.6633749297617513,12535,7465,80000,20000,122.7,42,2026-05-02
ClientRecord,OCDS,ocds,15,"{""gamma"": 0.39328626493703767, ""lam1"": 0.03180261346693357, ""n_passes"": 1, ""hedge_eta"": 4.736807312296038, ""ridge_G"": 0.0004396579259210826}",0.8147320784951191,0.7905402366065404,0.8750653221592118,0.8234144359556276,861,548,5634,1409,9.0,42,2026-05-02
CreditRisk,GBDT-IL,gbdt_il,15,"{""initial_trees"": 100, ""num_inc_tree"": 15, ""win_size"": 1000, ""learning_rate"": 0.01127205849868025, ""max_depth"": 6}",0.7409845091627867,0.7306722548117475,0.7318022489133009,0.7307899154475718,14334,1666,64000,16000,70.7,42,2026-05-02
HRAnalytics,OCDS,ocds,15,"{""gamma"": 0.38645762511232723, ""lam1"": 0.017181463513866724, ""n_passes"": 1, ""hedge_eta"": 2.5185514256420034, ""ridge_G"": 0.0011256977284129375}",0.6997250578139667,0.6148352003573401,0.7516864141289709,0.7092596808406887,1188,2644,15326,3832,20.0,42,2026-05-02
MovieAugV2,GBDT-IL,gbdt_il,15,"{""initial_trees"": 100, ""num_inc_tree"": 15, ""win_size"": 1000, ""learning_rate"": 0.05628061807968162, ""max_depth"": 8}",0.8556129232494532,0.6765450501608936,0.8998661163199844,0.846780949575401,5347,17147,89972,22494,97.4,42,2026-05-02
Weather,OCDS,ocds,15,"{""gamma"": 0.9809605894384236, ""lam1"": 0.009247015419816046, ""n_passes"": 3, ""hedge_eta"": 8.556385477088206, ""ridge_G"": 0.0001988897678216285}",0.776556203050852,0.7625368379015732,0.819749535682313,0.7841174675044682,3114,1886,20000,5000,39.0,42,2026-05-02
FlightDelay,GBDT-IL,gbdt_il,15,"{""initial_trees"": 100, ""num_inc_tree"": 50, ""win_size"": 1000, ""learning_rate"": 0.006625940288492802, ""max_depth"": 8}",0.6621564414375082,0.6452824519230769,0.6357027646406608,0.6361817490047815,1000,19000,80000,20000,103.7,42,2026-05-02
WIDS,GBDT-IL,gbdt_il,15,"{""initial_trees"": 100, ""num_inc_tree"": 15, ""win_size"": 1000, ""learning_rate"": 0.01127205849868025, ""max_depth"": 6}",0.8673576971463054,0.8679059490631748,0.8586760101295601,0.864043997293263,10668,7675,73370,18343,101.9,42,2026-05-02
HRAnalytics,EMLI,emli,15,"{""k"": 16, ""margin"": 0.11139464761605278, ""lr"": 0.003972192845559754, ""n_epochs"": 30, ""triplet_weight"": 0.5217648042680727, ""consistency_weight"": 0.9168983157542658}",0.717719874473408,0.6431344257284919,0.7732390155451011,0.7329038765309749,1188,2644,15326,3832,176.9,42,2026-05-02
ClientRecord,PUFE,pufe,15,"{""lr"": 0.4634269271682723, ""hedge_eta"": 0.5236947134586504, ""n_passes"": 5, ""ridge"": 0.022695479041529618}",0.8416849694008505,0.7986876433808646,0.9264133779782068,0.848363798497503,861,548,5634,1409,6.3,42,2026-05-02
HRAnalytics,PUFE,pufe,15,"{""lr"": 0.9494494597047923, ""hedge_eta"": 1.5049079238595129, ""n_passes"": 5, ""ridge"": 0.015514927915911239}",0.7057521684807595,0.6398960304679511,0.7848459853751596,0.7399084732588329,1188,2644,15326,3832,18.4,42,2026-05-02
Weather,PUFE,pufe,15,"{""lr"": 0.5464437192236355, ""hedge_eta"": 2.497699232739431, ""n_passes"": 5, ""ridge"": 0.006255726844767591}",0.8120786291351958,0.7955296058672465,0.853557876030518,0.8174178693728326,3114,1886,20000,5000,20.4,42,2026-05-02
BankLoanSta,PUFE,pufe,15,"{""lr"": 0.9494494597047923, ""hedge_eta"": 1.5049079238595129, ""n_passes"": 5, ""ridge"": 0.015514927915911239}",0.6638116775216649,0.6199495240985788,0.7163730463579736,0.6559396037818979,12535,7465,80000,20000,80.8,42,2026-05-02
Weather,EMLI,emli,15,"{""k"": 64, ""margin"": 0.6890407021623571, ""lr"": 0.0017937722033317472, ""n_epochs"": 30, ""triplet_weight"": 0.5138453105685754, ""consistency_weight"": 0.3866849901176319}",0.8125965839198573,0.7999195468974543,0.8524288157560695,0.819726043110924,3114,1886,20000,5000,213.1,42,2026-05-02
BankLoanSta,OCDS,ocds,15,"{""gamma"": 0.22554447458683766, ""lam1"": 0.0007523742884534858, ""n_passes"": 3, ""hedge_eta"": 1.5837031559118748, ""ridge_G"": 0.003489018845491387}",0.6282189246736196,0.5772561007422632,0.6836753591243795,0.6169770889333881,12535,7465,80000,20000,153.6,42,2026-05-02
CreditRisk,PUFE,pufe,15,"{""lr"": 0.1029023513535897, ""hedge_eta"": 1.4411697823042864, ""n_passes"": 3, ""ridge"": 0.0005252940084910756}",0.7338029403587387,0.7344058436579141,0.7480773782464789,0.7358293921969483,14334,1666,64000,16000,59.9,42,2026-05-02
DiabetesRecord,PUFE,pufe,15,"{""lr"": 0.05164619610519664, ""hedge_eta"": 2.4205367310447587, ""n_passes"": 3, ""ridge"": 0.00866102559666606}",0.5955183600904064,0.5818751549205499,0.6102278399572166,0.5985421430537776,8389,11965,81412,20354,80.3,42,2026-05-02
FlightDelay,OCDS,ocds,15,"{""gamma"": 0.1097398248249986, ""lam1"": 0.01174008577767313, ""n_passes"": 3, ""hedge_eta"": 5.144865326952968, ""ridge_G"": 0.0008598168741338865}",0.5883010230795451,0.5981427426739927,0.5981162466963136,0.5981175714951975,1000,19000,80000,20000,140.9,42,2026-05-02
WIDS,PUFE,pufe,15,"{""lr"": 0.19603369861210684, ""hedge_eta"": 3.0489195547657553, ""n_passes"": 5, ""ridge"": 0.000137832374550072}",0.8438887676974942,0.8325111876378801,0.8490165292721673,0.8394172824447903,10668,7675,73370,18343,80.9,42,2026-05-02
CreditRisk,OCDS,ocds,15,"{""gamma"": 0.10979474018012798, ""lam1"": 0.0020101481073639777, ""n_passes"": 2, ""hedge_eta"": 4.725203127177754, ""ridge_G"": 0.00866102559666606}",0.7286946615659964,0.7127629755605945,0.7387676436002149,0.7154707116202199,14334,1666,64000,16000,145.6,42,2026-05-02
FlightDelay,PUFE,pufe,15,"{""lr"": 0.27850869767630726, ""hedge_eta"": 0.5098782436623126, ""n_passes"": 5, ""ridge"": 0.00019825451322854268}",0.6200275962804525,0.6089600503663003,0.6047806323458125,0.6049896032468368,1000,19000,80000,20000,100.4,42,2026-05-02
WeatherAUS,GBDT-IL,gbdt_il,15,"{""initial_trees"": 100, ""num_inc_tree"": 15, ""win_size"": 1000, ""learning_rate"": 0.01127205849868025, ""max_depth"": 6}",0.8771538751033499,0.8580392272062224,0.8828809833829943,0.8751809910942976,8815,19624,113754,28439,218.4,42,2026-05-02
DiabetesRecord,GBDT-IL,gbdt_il,15,"{""initial_trees"": 100, ""num_inc_tree"": 15, ""win_size"": 1000, ""learning_rate"": 0.01127205849868025, ""max_depth"": 6}",0.6417977760098112,0.640218376234613,0.6349895388556548,0.6371446295882911,8389,11965,81412,20354,232.7,42,2026-05-02
MovieAugV2,PUFE,pufe,15,"{""lr"": 0.05164619610519664, ""hedge_eta"": 2.4205367310447587, ""n_passes"": 3, ""ridge"": 0.00866102559666606}",0.8586457001439384,0.6909160278250994,0.8935847746195382,0.84540882596168,5347,17147,89972,22494,119.3,42,2026-05-02
MovieAugV2,OCDS,ocds,15,"{""gamma"": 0.10842803240663541, ""lam1"": 0.0020885631616124447, ""n_passes"": 3, ""hedge_eta"": 2.5653590634508396, ""ridge_G"": 0.01613586197110992}",0.8215680116567023,0.6577287999242853,0.7346249364319959,0.7163461224412994,5347,17147,89972,22494,188.4,42,2026-05-02
WeatherAUS,PUFE,pufe,15,"{""lr"": 0.462323200727164, ""hedge_eta"": 2.2850721529185187, ""n_passes"": 5, ""ridge"": 0.012500649537366364}",0.8613851823723785,0.8392472007641515,0.8746166675351891,0.8636534884646628,8815,19624,113754,28439,133.1,42,2026-05-02
WIDS,OCDS,ocds,15,"{""gamma"": 0.31354211705315427, ""lam1"": 0.014909003628981848, ""n_passes"": 2, ""hedge_eta"": 4.235294798867899, ""ridge_G"": 0.016414083340694222}",0.8120700602070302,0.6851769315011731,0.7576418889474525,0.7154974106158324,10668,7675,73370,18343,198.5,42,2026-05-02
WeatherAUS,OCDS,ocds,15,"{""gamma"": 0.9732682926637299, ""lam1"": 0.002353383994946244, ""n_passes"": 3, ""hedge_eta"": 5.612370807468103, ""ridge_G"": 0.000615062293652091}",0.8512934305592487,0.8239877802710412,0.8622824612980193,0.8504125779247358,8815,19624,113754,28439,219.7,42,2026-05-02
DiabetesRecord,OCDS,ocds,15,"{""gamma"": 0.1097398248249986, ""lam1"": 0.0022669369809392753, ""n_passes"": 3, ""hedge_eta"": 4.083243278789585, ""ridge_G"": 0.015679029737071092}",0.5914519222700897,0.5831446214202682,0.6058907378519911,0.5965158154413729,8389,11965,81412,20354,225.5,42,2026-05-02
CreditRisk,EMLI,emli,15,"{""k"": 64, ""margin"": 1.964101264569496, ""lr"": 0.0006115767405232331, ""n_epochs"": 30, ""triplet_weight"": 1.0489021148922577, ""consistency_weight"": 0.7005210494307716}",0.737744183181687,0.7367508174767492,0.7260991911275749,0.7356417168831415,14334,1666,64000,16000,464.6,42,2026-05-02
DiabetesRecord,EMLI,emli,15,"{""k"": 8, ""margin"": 1.5129047165156286, ""lr"": 0.000863093466784179, ""n_epochs"": 10, ""triplet_weight"": 1.0760243494092088, ""consistency_weight"": 0.29637037756151674}",0.5961250690908869,0.5772537710706174,0.6083455324404062,0.5955309119171106,8389,11965,81412,20354,624.9,42,2026-05-02
BankLoanSta,EMLI,emli,15,"{""k"": 64, ""margin"": 1.28426644097236, ""lr"": 0.0004589824181495653, ""n_epochs"": 30, ""triplet_weight"": 1.5944092675070962, ""consistency_weight"": 0.6738017242196918}",0.6596794821690171,0.6209837202227587,0.7134057254609595,0.6554802336779172,12535,7465,80000,20000,741.9,42,2026-05-02
WIDS,EMLI,emli,15,"{""k"": 64, ""margin"": 1.9815287811587092, ""lr"": 0.003062284852674335, ""n_epochs"": 30, ""triplet_weight"": 0.673051870086567, ""consistency_weight"": 0.2784755091975991}",0.8462787946414502,0.8318637922096217,0.8495693450764892,0.8392720742928801,10668,7675,73370,18343,771.3,42,2026-05-02
MovieAugV2,EMLI,emli,15,"{""k"": 8, ""margin"": 1.545491592372105, ""lr"": 0.0013260331922696556, ""n_epochs"": 10, ""triplet_weight"": 1.1413115275378245, ""consistency_weight"": 0.12287721406968567}",0.8471129027396824,0.6823656066628809,0.86651114106419,0.8227383050882053,5347,17147,89972,22494,869.8,42,2026-05-02
FlightDelay,EMLI,emli,15,"{""k"": 64, ""margin"": 0.8456604949950015, ""lr"": 0.00138387138648671, ""n_epochs"": 30, ""triplet_weight"": 1.173595341783569, ""consistency_weight"": 0.4111099546323648}",0.6194361844086548,0.6115427541208791,0.6016708913337777,0.6021644844731328,1000,19000,80000,20000,1040.9,42,2026-05-03
WeatherAUS,EMLI,emli,15,"{""k"": 64, ""margin"": 1.28426644097236, ""lr"": 0.0004589824181495653, ""n_epochs"": 30, ""triplet_weight"": 1.5944092675070962, ""consistency_weight"": 0.6738017242196918}",0.862183831090937,0.8404142202570928,0.8754578208663139,0.8645956478162669,8815,19624,113754,28439,1231.0,42,2026-05-03
ClientRecord,AdaptiveXGBoost,axgb,15,"{""n_estimators"": 100, ""learning_rate"": 0.13515228329895076, ""max_depth"": 5, ""max_window_size"": 500, ""update_strategy"": ""replace""}",0.8705166402840053,0.8246452026449552,0.9270811156057056,0.8644854299710668,861,548,5634,1409,2.3,45,2026-05-03
ClientRecord,AdaptiveXGBoost,axgb,15,"{""n_estimators"": 100, ""learning_rate"": 0.05167340950945042, ""max_depth"": 7, ""max_window_size"": 500, ""update_strategy"": ""replace""}",0.8632494472223817,0.8118280779092258,0.8750459674453713,0.8364153053512469,861,548,5634,1409,2.2,44,2026-05-03
ClientRecord,AdaptiveXGBoost,axgb,15,"{""n_estimators"": 100, ""learning_rate"": 0.2092785986950412, ""max_depth"": 5, ""max_window_size"": 2000, ""update_strategy"": ""replace""}",0.8675170478862275,0.8002985695650218,0.903758685427836,0.8405371384030786,861,548,5634,1409,2.3,43,2026-05-03
ClientRecord,AdaptiveXGBoost,axgb,15,"{""n_estimators"": 100, ""learning_rate"": 0.24357758263068538, ""max_depth"": 9, ""max_window_size"": 500, ""update_strategy"": ""replace""}",0.8655598224077817,0.8147603571589221,0.9424971451797084,0.8644408112649484,861,548,5634,1409,2.4,46,2026-05-03
BankLoanSta,AdaptiveXGBoost,axgb,15,"{""n_estimators"": 100, ""learning_rate"": 0.24454532086009642, ""max_depth"": 9, ""max_window_size"": 5000, ""update_strategy"": ""push""}",0.6557340902906151,0.515379861586629,0.6282177490370227,0.5574966030774884,12535,7465,80000,20000,15.3,46,2026-05-03
CreditRisk,AdaptiveXGBoost,axgb,15,"{""n_estimators"": 100, ""learning_rate"": 0.2968297504306629, ""max_depth"": 5, ""max_window_size"": 2000, ""update_strategy"": ""replace""}",0.7279189973482855,0.7230342902056153,0.725890680121575,0.7233317118056145,14334,1666,64000,16000,23.9,43,2026-05-03
CreditRisk,AdaptiveXGBoost,axgb,15,"{""n_estimators"": 100, ""learning_rate"": 0.14658368614277628, ""max_depth"": 5, ""max_window_size"": 2000, ""update_strategy"": ""push""}",0.7085473365970633,0.723295930691117,0.7320727496778412,0.7242098169681096,14334,1666,64000,16000,24.0,44,2026-05-03
CreditRisk,AdaptiveXGBoost,axgb,15,"{""n_estimators"": 100, ""learning_rate"": 0.2698041067498392, ""max_depth"": 5, ""max_window_size"": 2000, ""update_strategy"": ""replace""}",0.725398131264621,0.7284693466758685,0.743986054182806,0.7300850238450284,14334,1666,64000,16000,24.6,45,2026-05-03
DiabetesRecord,AdaptiveXGBoost,axgb,15,"{""n_estimators"": 100, ""learning_rate"": 0.16131342761953132, ""max_depth"": 7, ""max_window_size"": 2000, ""update_strategy"": ""push""}",0.6278550437087488,0.6215873378612053,0.6279085708313412,0.6253032439478554,8389,11965,81412,20354,20.7,44,2026-05-03
DiabetesRecord,AdaptiveXGBoost,axgb,15,"{""n_estimators"": 100, ""learning_rate"": 0.23708945080259414, ""max_depth"": 5, ""max_window_size"": 2000, ""update_strategy"": ""replace""}",0.6203865508979715,0.6269216123072413,0.6218741979666798,0.6239545143125071,8389,11965,81412,20354,22.2,43,2026-05-03
CreditRisk,AdaptiveXGBoost,axgb,15,"{""n_estimators"": 30, ""learning_rate"": 0.17997850291044465, ""max_depth"": 3, ""max_window_size"": 1000, ""update_strategy"": ""replace""}",0.7209480229465273,0.718313053885,0.7071772869524706,0.7171535421531504,14334,1666,64000,16000,25.8,46,2026-05-03
BankLoanSta,AdaptiveXGBoost,axgb,15,"{""n_estimators"": 100, ""learning_rate"": 0.14770274895302096, ""max_depth"": 9, ""max_window_size"": 5000, ""update_strategy"": ""push""}",0.6660157383543583,0.5002858578449905,0.6353503184713376,0.5506986677737745,12535,7465,80000,20000,19.2,44,2026-05-03
BankLoanSta,AdaptiveXGBoost,axgb,15,"{""n_estimators"": 100, ""learning_rate"": 0.1816992015304921, ""max_depth"": 7, ""max_window_size"": 5000, ""update_strategy"": ""push""}",0.6677484201793684,0.5002336494289938,0.6321656050955414,0.5494772518815327,12535,7465,80000,20000,18.9,43,2026-05-03
HRAnalytics,AdaptiveXGBoost,axgb,15,"{""n_estimators"": 100, ""learning_rate"": 0.05067951746113952, ""max_depth"": 7, ""max_window_size"": 500, ""update_strategy"": ""push""}",0.7766707047802599,0.743919927591598,0.7503469236514773,0.7483544206976315,1188,2644,15326,3832,3.1,43,2026-05-03
HRAnalytics,AdaptiveXGBoost,axgb,15,"{""n_estimators"": 30, ""learning_rate"": 0.15086928187627463, ""max_depth"": 5, ""max_window_size"": 2000, ""update_strategy"": ""push""}",0.775349658888888,0.7339902201638593,0.7571490617723732,0.7499693373906104,1188,2644,15326,3832,3.0,44,2026-05-03
HRAnalytics,AdaptiveXGBoost,axgb,15,"{""n_estimators"": 100, ""learning_rate"": 0.26893916933083317, ""max_depth"": 7, ""max_window_size"": 1000, ""update_strategy"": ""replace""}",0.7410859656203063,0.7032915848741669,0.7763308965091447,0.7536871850732487,1188,2644,15326,3832,3.0,45,2026-05-03
HRAnalytics,AdaptiveXGBoost,axgb,15,"{""n_estimators"": 30, ""learning_rate"": 0.1944767491578019, ""max_depth"": 5, ""max_window_size"": 500, ""update_strategy"": ""replace""}",0.7560550804568997,0.7407006335735191,0.7875483380287726,0.7730245716162357,1188,2644,15326,3832,3.2,46,2026-05-03
FlightDelay,AdaptiveXGBoost,axgb,15,"{""n_estimators"": 30, ""learning_rate"": 0.24510282283573392, ""max_depth"": 7, ""max_window_size"": 2000, ""update_strategy"": ""push""}",0.6474495419738645,0.6239840888278387,0.6465368943361067,0.6454092540606934,1000,19000,80000,20000,14.8,45,2026-05-03
FlightDelay,AdaptiveXGBoost,axgb,15,"{""n_estimators"": 100, ""learning_rate"": 0.10474508151708266, ""max_depth"": 9, ""max_window_size"": 5000, ""update_strategy"": ""replace""}",0.6462533356936576,0.6070570054945055,0.6459418838298694,0.6439976399131012,1000,19000,80000,20000,15.6,46,2026-05-03
BankLoanSta,AdaptiveXGBoost,axgb,15,"{""n_estimators"": 100, ""learning_rate"": 0.27499194520882364, ""max_depth"": 5, ""max_window_size"": 5000, ""update_strategy"": ""replace""}",0.6649266618015313,0.5002708730765046,0.6289808917197452,0.5483118875350942,12535,7465,80000,20000,39.2,45,2026-05-03
DiabetesRecord,AdaptiveXGBoost,axgb,15,"{""n_estimators"": 30, ""learning_rate"": 0.24510282283573392, ""max_depth"": 7, ""max_window_size"": 2000, ""update_strategy"": ""push""}",0.6288382259641093,0.6171012712077555,0.6277789022975381,0.6233780647613199,8389,11965,81412,20354,23.1,45,2026-05-03
DiabetesRecord,AdaptiveXGBoost,axgb,15,"{""n_estimators"": 100, ""learning_rate"": 0.29508225604886534, ""max_depth"": 9, ""max_window_size"": 1000, ""update_strategy"": ""push""}",0.6231149352239839,0.631284340010575,0.6308662745985634,0.631038582289502,8389,11965,81412,20354,24.3,46,2026-05-03
FlightDelay,AdaptiveXGBoost,axgb,15,"{""n_estimators"": 100, ""learning_rate"": 0.16131342761953132, ""max_depth"": 7, ""max_window_size"": 2000, ""update_strategy"": ""push""}",0.6495434397806931,0.6554952209249083,0.6504432335380348,0.6506958329073784,1000,19000,80000,20000,15.8,44,2026-05-03
FlightDelay,AdaptiveXGBoost,axgb,15,"{""n_estimators"": 100, ""learning_rate"": 0.1816992015304921, ""max_depth"": 7, ""max_window_size"": 5000, ""update_strategy"": ""push""}",0.6428738262210647,0.6116929945054945,0.6478218184236959,0.6460153772277859,1000,19000,80000,20000,17.6,43,2026-05-03
WeatherAUS,AdaptiveXGBoost,axgb,15,"{""n_estimators"": 100, ""learning_rate"": 0.09709044207882546, ""max_depth"": 9, ""max_window_size"": 5000, ""update_strategy"": ""replace""}",0.8691729223131214,0.8476657951826105,0.8724372965563706,0.8647590805639062,8815,19624,113754,28439,21.7,43,2026-05-03
WeatherAUS,AdaptiveXGBoost,axgb,15,"{""n_estimators"": 100, ""learning_rate"": 0.13951914924653125, ""max_depth"": 9, ""max_window_size"": 5000, ""update_strategy"": ""push""}",0.8699676344355005,0.8532096609330029,0.8746519779164209,0.8680056814851529,8815,19624,113754,28439,22.4,44,2026-05-03
WeatherAUS,AdaptiveXGBoost,axgb,15,"{""n_estimators"": 50, ""learning_rate"": 0.14264894944246015, ""max_depth"": 9, ""max_window_size"": 5000, ""update_strategy"": ""replace""}",0.8675361020087099,0.854015759994744,0.8793176373878443,0.8714750251574501,8815,19624,113754,28439,23.2,45,2026-05-03
Weather,AdaptiveXGBoost,axgb,15,"{""n_estimators"": 30, ""learning_rate"": 0.08809289216928085, ""max_depth"": 9, ""max_window_size"": 1000, ""update_strategy"": ""replace""}",0.8241305078400832,0.809307491174936,0.839042102590826,0.8205233866010098,3114,1886,20000,5000,4.1,43,2026-05-03
Weather,AdaptiveXGBoost,axgb,15,"{""n_estimators"": 100, ""learning_rate"": 0.06141309605286069, ""max_depth"": 7, ""max_window_size"": 500, ""update_strategy"": ""replace""}",0.8041729671679936,0.8015839933305543,0.8253263585467859,0.8105396134901168,3114,1886,20000,5000,4.3,44,2026-05-03
Weather,AdaptiveXGBoost,axgb,15,"{""n_estimators"": 100, ""learning_rate"": 0.2913722710513895, ""max_depth"": 7, ""max_window_size"": 1000, ""update_strategy"": ""replace""}",0.8156090573622184,0.7706835890245645,0.8422205074758489,0.797667314664389,3114,1886,20000,5000,4.1,45,2026-05-03
Weather,AdaptiveXGBoost,axgb,15,"{""n_estimators"": 50, ""learning_rate"": 0.07510358004220216, ""max_depth"": 9, ""max_window_size"": 1000, ""update_strategy"": ""push""}",0.8153654926590705,0.7934311207758478,0.8577166927219038,0.8176796385139001,3114,1886,20000,5000,4.4,46,2026-05-03
MovieAugV2,AdaptiveXGBoost,axgb,15,"{""n_estimators"": 100, ""learning_rate"": 0.2895949316653416, ""max_depth"": 9, ""max_window_size"": 5000, ""update_strategy"": ""push""}",0.863605526079733,0.6968090455233771,0.9175511876724975,0.8650790513663116,5347,17147,89972,22494,61.8,46,2026-05-03
MovieAugV2,AdaptiveXGBoost,axgb,15,"{""n_estimators"": 50, ""learning_rate"": 0.26893916933083317, ""max_depth"": 7, ""max_window_size"": 5000, ""update_strategy"": ""replace""}",0.8757885163683826,0.6957058607798599,0.9152973830554444,0.8630987581062335,5347,17147,89972,22494,59.9,45,2026-05-03
WIDS,AdaptiveXGBoost,axgb,15,"{""n_estimators"": 100, ""learning_rate"": 0.2968297504306629, ""max_depth"": 5, ""max_window_size"": 2000, ""update_strategy"": ""replace""}",0.8529901583653381,0.7942495689938066,0.8366068362322324,0.8119725164972094,10668,7675,73370,18343,26.8,43,2026-05-03
WIDS,AdaptiveXGBoost,axgb,15,"{""n_estimators"": 100, ""learning_rate"": 0.13619440186280352, ""max_depth"": 7, ""max_window_size"": 2000, ""update_strategy"": ""push""}",0.8499179200067647,0.8364298623318538,0.8491169809197603,0.8417383525004295,10668,7675,73370,18343,28.2,44,2026-05-03
WIDS,AdaptiveXGBoost,axgb,15,"{""n_estimators"": 100, ""learning_rate"": 0.09724865041280178, ""max_depth"": 7, ""max_window_size"": 2000, ""update_strategy"": ""push""}",0.8559415649950172,0.8555619865686601,0.8626737070400018,0.8585376423838238,10668,7675,73370,18343,29.5,46,2026-05-03
WIDS,AdaptiveXGBoost,axgb,15,"{""n_estimators"": 50, ""learning_rate"": 0.15590201080313093, ""max_depth"": 7, ""max_window_size"": 2000, ""update_strategy"": ""push""}",0.852816585717359,0.8356895081464115,0.8480041836717904,0.8408421622737234,10668,7675,73370,18343,29.6,45,2026-05-03
ClientRecord,EMLI,emli,15,"{""k"": 32, ""margin"": 1.3992590982645392, ""lr"": 0.0036880088205928, ""n_epochs"": 10, ""triplet_weight"": 1.9708529312125205, ""consistency_weight"": 0.5047957655918096}",0.8570461500552501,0.7723336781971122,0.8862136373313722,0.8166248191520975,861,548,5634,1409,51.1,44,2026-05-03
ClientRecord,EMLI,emli,15,"{""k"": 64, ""margin"": 0.5435049752863517, ""lr"": 0.0018352254505656252, ""n_epochs"": 20, ""triplet_weight"": 0.5331575545156348, ""consistency_weight"": 0.6779586114285827}",0.8397949811506565,0.792654401511403,0.9162715079257552,0.8407325947797245,861,548,5634,1409,57.7,45,2026-05-03
ClientRecord,EMLI,emli,15,"{""k"": 64, ""margin"": 1.9132070180724727, ""lr"": 0.0030180584028202417, ""n_epochs"": 30, ""triplet_weight"": 0.8825694205021948, ""consistency_weight"": 0.4989814252560857}",0.838581730776626,0.7717432864018713,0.8922716627634661,0.8186201850861538,861,548,5634,1409,70.5,43,2026-05-03
MovieAugV2,AdaptiveXGBoost,axgb,15,"{""n_estimators"": 30, ""learning_rate"": 0.08829151143524569, ""max_depth"": 9, ""max_window_size"": 5000, ""update_strategy"": ""push""}",0.8812102878695635,0.6751815966307023,0.9269647656336146,0.867113934093712,5347,17147,89972,22494,113.9,44,2026-05-03
MovieAugV2,AdaptiveXGBoost,axgb,15,"{""n_estimators"": 50, ""learning_rate"": 0.2950478447048949, ""max_depth"": 5, ""max_window_size"": 5000, ""update_strategy"": ""replace""}",0.8643088443671062,0.7168053780995647,0.9162340750834818,0.8688283116455425,5347,17147,89972,22494,115.8,43,2026-05-03
ClientRecord,EMLI,emli,15,"{""k"": 16, ""margin"": 0.3024580170715788, ""lr"": 0.0011004725163516519, ""n_epochs"": 20, ""triplet_weight"": 0.6607177927227471, ""consistency_weight"": 0.48664104724227164}",0.839097525419782,0.781448202959831,0.9270520835349448,0.8380776753197758,861,548,5634,1409,61.6,46,2026-05-03
WeatherAUS,AdaptiveXGBoost,axgb,15,"{""n_estimators"": 100, ""learning_rate"": 0.29508225604886534, ""max_depth"": 7, ""max_window_size"": 2000, ""update_strategy"": ""push""}",0.8625089131597415,0.8529062287577736,0.8693657295891019,0.8642639151853551,8815,19624,113754,28439,53.4,46,2026-05-03
HRAnalytics,EMLI,emli,15,"{""k"": 16, ""margin"": 1.159122135095944, ""lr"": 0.0003190805996728071, ""n_epochs"": 20, ""triplet_weight"": 1.738630948245808, ""consistency_weight"": 0.5064998739818982}",0.7218720648334078,0.6154479094424788,0.7776207221270584,0.7273437645411291,1188,2644,15326,3832,127.4,45,2026-05-03
ClientRecord,GBDT-IL,gbdt_il,15,"{""initial_trees"": 250, ""num_inc_tree"": 25, ""win_size"": 1000, ""learning_rate"": 0.02830199848216677, ""max_depth"": 8}",0.8691842252317756,0.8179850209167379,0.9506454797065824,0.869580430013143,861,548,5634,1409,6.6,46,2026-05-03
ClientRecord,GBDT-IL,gbdt_il,15,"{""initial_trees"": 100, ""num_inc_tree"": 50, ""win_size"": 500, ""learning_rate"": 0.029626117264455867, ""max_depth"": 10}",0.8763485469108576,0.8133630965768521,0.9143360365416998,0.8526343322764521,861,548,5634,1409,7.9,45,2026-05-03
ClientRecord,GBDT-IL,gbdt_il,15,"{""initial_trees"": 500, ""num_inc_tree"": 50, ""win_size"": 300, ""learning_rate"": 0.009079983501547801, ""max_depth"": 6}",0.8697923496527225,0.8097926319103954,0.9021619215359902,0.8457176643552684,861,548,5634,1409,9.3,43,2026-05-03
ClientRecord,GBDT-IL,gbdt_il,15,"{""initial_trees"": 500, ""num_inc_tree"": 25, ""win_size"": 500, ""learning_rate"": 0.012730158175085476, ""max_depth"": 8}",0.8892061507492985,0.8075378975304754,0.9113167011825728,0.8479004130743715,861,548,5634,1409,8.9,44,2026-05-03
HRAnalytics,EMLI,emli,15,"{""k"": 16, ""margin"": 0.3024580170715788, ""lr"": 0.0011004725163516519, ""n_epochs"": 20, ""triplet_weight"": 0.6607177927227471, ""consistency_weight"": 0.48664104724227164}",0.7261112582661498,0.6246444230249315,0.8003053901953777,0.7458468231289659,1188,2644,15326,3832,156.3,46,2026-05-03
HRAnalytics,EMLI,emli,15,"{""k"": 32, ""margin"": 1.03990170042284, ""lr"": 0.00456268877496799, ""n_epochs"": 30, ""triplet_weight"": 1.9825300386008011, ""consistency_weight"": 0.37677556103769233}",0.7401928050073926,0.6437412575082576,0.75002604970576,0.7170755452353443,1188,2644,15326,3832,168.0,44,2026-05-03
HRAnalytics,EMLI,emli,15,"{""k"": 64, ""margin"": 1.8683459901268997, ""lr"": 0.001599268212863105, ""n_epochs"": 30, ""triplet_weight"": 1.0317542782155271, ""consistency_weight"": 0.2125472571849042}",0.7488738251762056,0.6276609500076404,0.7619855426567583,0.7203421146642865,1188,2644,15326,3832,187.3,43,2026-05-03
CreditRisk,GBDT-IL,gbdt_il,15,"{""initial_trees"": 250, ""num_inc_tree"": 25, ""win_size"": 1000, ""learning_rate"": 0.005541187502086167, ""max_depth"": 10}",0.7380040695894959,0.7310011625423116,0.7128859801707912,0.7291149191778771,14334,1666,64000,16000,82.8,43,2026-05-03
CreditRisk,GBDT-IL,gbdt_il,15,"{""initial_trees"": 100, ""num_inc_tree"": 50, ""win_size"": 500, ""learning_rate"": 0.009565433672422005, ""max_depth"": 10}",0.6927974852600306,0.7172435218048572,0.7162972953680502,0.7171449959771246,14334,1666,64000,16000,86.1,44,2026-05-03
Weather,EMLI,emli,15,"{""k"": 32, ""margin"": 1.9773062899353655, ""lr"": 0.0026308796800761118, ""n_epochs"": 20, ""triplet_weight"": 0.8957610701533837, ""consistency_weight"": 0.7429365111713016}",0.8225051136112227,0.7919753860145691,0.8525707833941288,0.814831969906139,3114,1886,20000,5000,154.0,45,2026-05-03
CreditRisk,GBDT-IL,gbdt_il,15,"{""initial_trees"": 100, ""num_inc_tree"": 15, ""win_size"": 1000, ""learning_rate"": 0.011095880291601886, ""max_depth"": 6}",0.7289016515659459,0.730412565589843,0.7165302265819598,0.7289670670406472,14334,1666,64000,16000,52.1,46,2026-05-03
Weather,EMLI,emli,15,"{""k"": 16, ""margin"": 1.1871252546029034, ""lr"": 0.004182410982367583, ""n_epochs"": 20, ""triplet_weight"": 0.9983832605505465, ""consistency_weight"": 0.22349354028785653}",0.8244456441310836,0.7978021145174125,0.8684419302254112,0.8244474530024696,3114,1886,20000,5000,175.2,46,2026-05-03
BankLoanSta,GBDT-IL,gbdt_il,15,"{""initial_trees"": 100, ""num_inc_tree"": 15, ""win_size"": 1000, ""learning_rate"": 0.005190314650647179, ""max_depth"": 6}",0.6684245028529845,0.6361543774974173,0.7455492347503822,0.6769860079670865,12535,7465,80000,20000,118.6,45,2026-05-03
Weather,EMLI,emli,15,"{""k"": 64, ""margin"": 1.643940115247049, ""lr"": 0.00228080194013735, ""n_epochs"": 30, ""triplet_weight"": 0.7540666399566669, ""consistency_weight"": 0.6193319545242681}",0.8259657338434476,0.803573458638069,0.8479008832057294,0.8202937631849905,3114,1886,20000,5000,184.3,43,2026-05-03
Weather,EMLI,emli,15,"{""k"": 32, ""margin"": 1.426414810071033, ""lr"": 0.0029648055574207593, ""n_epochs"": 30, ""triplet_weight"": 1.1239297384018996, ""consistency_weight"": 0.5022153334199893}",0.8115679186495248,0.8114368749216603,0.8365083978033432,0.8208938533526311,3114,1886,20000,5000,187.8,44,2026-05-03
HRAnalytics,GBDT-IL,gbdt_il,15,"{""initial_trees"": 250, ""num_inc_tree"": 15, ""win_size"": 1000, ""learning_rate"": 0.02320284291128681, ""max_depth"": 6}",0.7696507575940585,0.7323592679228427,0.7438033349466298,0.7402554352534515,1188,2644,15326,3832,11.9,43,2026-05-03
CreditRisk,GBDT-IL,gbdt_il,15,"{""initial_trees"": 100, ""num_inc_tree"": 15, ""win_size"": 1000, ""learning_rate"": 0.005158243540782482, ""max_depth"": 10}",0.7302321782747986,0.733065291333925,0.7429416206752752,0.734093664126593,14334,1666,64000,16000,73.5,45,2026-05-03
HRAnalytics,GBDT-IL,gbdt_il,15,"{""initial_trees"": 100, ""num_inc_tree"": 15, ""win_size"": 1000, ""learning_rate"": 0.005430518653253192, ""max_depth"": 10}",0.7420739850950597,0.7091350957413045,0.780321127139119,0.758251971267354,1188,2644,15326,3832,17.0,45,2026-05-03
HRAnalytics,GBDT-IL,gbdt_il,15,"{""initial_trees"": 500, ""num_inc_tree"": 25, ""win_size"": 1000, ""learning_rate"": 0.005066279686694745, ""max_depth"": 8}",0.7716805784015015,0.7324503661561247,0.7710128612509897,0.7590576827090535,1188,2644,15326,3832,17.7,44,2026-05-03
BankLoanSta,GBDT-IL,gbdt_il,15,"{""initial_trees"": 250, ""num_inc_tree"": 25, ""win_size"": 1000, ""learning_rate"": 0.005541187502086167, ""max_depth"": 10}",0.665554947514591,0.6182963458415379,0.7465953009945814,0.6661839308524113,12535,7465,80000,20000,140.5,43,2026-05-03
HRAnalytics,GBDT-IL,gbdt_il,15,"{""initial_trees"": 100, ""num_inc_tree"": 25, ""win_size"": 300, ""learning_rate"": 0.007542075809664804, ""max_depth"": 6}",0.7548361865378892,0.7260059008145945,0.7937311261360837,0.7727348923986282,1188,2644,15326,3832,21.2,46,2026-05-03
BankLoanSta,GBDT-IL,gbdt_il,15,"{""initial_trees"": 500, ""num_inc_tree"": 25, ""win_size"": 1000, ""learning_rate"": 0.005071638511722861, ""max_depth"": 8}",0.6590467905219035,0.5679949490210763,0.6468723359426914,0.5974359336895692,12535,7465,80000,20000,141.0,44,2026-05-03
FlightDelay,GBDT-IL,gbdt_il,15,"{""initial_trees"": 100, ""num_inc_tree"": 15, ""win_size"": 1000, ""learning_rate"": 0.005430518653253192, ""max_depth"": 10}",0.655235745338111,0.6412044986263736,0.6566941361748109,0.6559196542973891,1000,19000,80000,20000,114.4,45,2026-05-03
FlightDelay,GBDT-IL,gbdt_il,15,"{""initial_trees"": 500, ""num_inc_tree"": 25, ""win_size"": 1000, ""learning_rate"": 0.005071638511722861, ""max_depth"": 8}",0.6610322585656091,0.6345796130952379,0.6170634886833635,0.6179392949039573,1000,19000,80000,20000,125.6,44,2026-05-03
FlightDelay,GBDT-IL,gbdt_il,15,"{""initial_trees"": 250, ""num_inc_tree"": 50, ""win_size"": 1000, ""learning_rate"": 0.00681451137981016, ""max_depth"": 6}",0.6482896636220299,0.6454076522435898,0.6519943571144526,0.6516650218709095,1000,19000,80000,20000,131.2,43,2026-05-03
BankLoanSta,GBDT-IL,gbdt_il,15,"{""initial_trees"": 250, ""num_inc_tree"": 50, ""win_size"": 500, ""learning_rate"": 0.006330884227699708, ""max_depth"": 8}",0.6460954563248457,0.6076353625851546,0.6930752608007434,0.6395258045941231,12535,7465,80000,20000,193.0,46,2026-05-03
Weather,GBDT-IL,gbdt_il,15,"{""initial_trees"": 250, ""num_inc_tree"": 50, ""win_size"": 1000, ""learning_rate"": 0.00681451137981016, ""max_depth"": 6}",0.8424558020424552,0.8366676674721694,0.8553717213826646,0.8437228366072083,3114,1886,20000,5000,20.2,43,2026-05-03
Weather,GBDT-IL,gbdt_il,15,"{""initial_trees"": 500, ""num_inc_tree"": 25, ""win_size"": 1000, ""learning_rate"": 0.010525136481530084, ""max_depth"": 8}",0.8270559063461081,0.8266926487435031,0.8466949933859782,0.8342375331426447,3114,1886,20000,5000,27.1,44,2026-05-03
FlightDelay,GBDT-IL,gbdt_il,15,"{""initial_trees"": 100, ""num_inc_tree"": 50, ""win_size"": 1000, ""learning_rate"": 0.012098665517169016, ""max_depth"": 8}",0.6540244348070694,0.6016841231684982,0.6477283509537922,0.6454261395645275,1000,19000,80000,20000,131.2,46,2026-05-03
Weather,GBDT-IL,gbdt_il,15,"{""initial_trees"": 100, ""num_inc_tree"": 50, ""win_size"": 1000, ""learning_rate"": 0.012098665517169016, ""max_depth"": 8}",0.8383862645186356,0.8172571904960401,0.8734433666038669,0.8384506161239124,3114,1886,20000,5000,20.7,46,2026-05-03
Weather,GBDT-IL,gbdt_il,15,"{""initial_trees"": 100, ""num_inc_tree"": 25, ""win_size"": 1000, ""learning_rate"": 0.016904043510863467, ""max_depth"": 6}",0.8346025018005979,0.804853129363342,0.8613159898985849,0.8261509203572356,3114,1886,20000,5000,21.9,45,2026-05-03
MovieAugV2,GBDT-IL,gbdt_il,15,"{""initial_trees"": 100, ""num_inc_tree"": 25, ""win_size"": 1000, ""learning_rate"": 0.009298275815971908, ""max_depth"": 10}",0.845790799675955,0.6720169647927314,0.8678781205924128,0.8213203896392299,5347,17147,89972,22494,85.4,45,2026-05-03
MovieAugV2,GBDT-IL,gbdt_il,15,"{""initial_trees"": 500, ""num_inc_tree"": 25, ""win_size"": 1000, ""learning_rate"": 0.005264740117381622, ""max_depth"": 8}",0.8470429344403967,0.6501085439144425,0.8954619439548267,0.8371395188629829,5347,17147,89972,22494,84.1,44,2026-05-03
MovieAugV2,GBDT-IL,gbdt_il,15,"{""initial_trees"": 100, ""num_inc_tree"": 50, ""win_size"": 1000, ""learning_rate"": 0.019540863498360882, ""max_depth"": 6}",0.8186949643124933,0.7343661272004542,0.8923490455336174,0.8547952683340342,5347,17147,89972,22494,98.6,46,2026-05-03
MovieAugV2,GBDT-IL,gbdt_il,15,"{""initial_trees"": 250, ""num_inc_tree"": 25, ""win_size"": 1000, ""learning_rate"": 0.005445699278863418, ""max_depth"": 10}",0.8492674244538578,0.7204935051107325,0.8806621605386289,0.8425888165103119,5347,17147,89972,22494,104.2,43,2026-05-03
DiabetesRecord,GBDT-IL,gbdt_il,15,"{""initial_trees"": 100, ""num_inc_tree"": 15, ""win_size"": 1000, ""learning_rate"": 0.005158243540782482, ""max_depth"": 10}",0.6394989752179183,0.6404711143877575,0.6487624268859497,0.6453451221523674,8389,11965,81412,20354,233.6,45,2026-05-03
ClientRecord,OCDS,ocds,15,"{""gamma"": 0.7107288585618227, ""lam1"": 0.09902707035352783, ""n_passes"": 1, ""hedge_eta"": 9.982378651976854, ""ridge_G"": 0.004748729869365149}",0.8132467511188711,0.7290382798794477,0.8333172044051328,0.7695953065934827,861,548,5634,1409,8.6,43,2026-05-03
ClientRecord,OCDS,ocds,15,"{""gamma"": 0.5126663891083257, ""lam1"": 0.0018866730086610644, ""n_passes"": 2, ""hedge_eta"": 2.2315979417063754, ""ridge_G"": 0.0101231128895867}",0.8188706739875244,0.7788729701767801,0.8866587957497049,0.8207939300163563,861,548,5634,1409,9.6,45,2026-05-03
ClientRecord,OCDS,ocds,15,"{""gamma"": 0.430072264673094, ""lam1"": 0.007065073425410694, ""n_passes"": 2, ""hedge_eta"": 2.1429994998698993, ""ridge_G"": 0.009769176352773395}",0.8294817709059185,0.7651365210741758,0.8369946000348385,0.7930841628558957,861,548,5634,1409,10.4,44,2026-05-03
ClientRecord,OCDS,ocds,15,"{""gamma"": 0.15224618459462755, ""lam1"": 0.018492528761988095, ""n_passes"": 2, ""hedge_eta"": 1.5672103703107585, ""ridge_G"": 0.00020877118354010682}",0.8104325104664624,0.7644224281408845,0.8700137418468268,0.8054898801713007,861,548,5634,1409,11.8,46,2026-05-03
WIDS,GBDT-IL,gbdt_il,15,"{""initial_trees"": 100, ""num_inc_tree"": 25, ""win_size"": 1000, ""learning_rate"": 0.009298275815971908, ""max_depth"": 10}",0.8661685777319391,0.8740305933787295,0.8533148512917526,0.8653628007320769,10668,7675,73370,18343,84.0,45,2026-05-03
DiabetesRecord,GBDT-IL,gbdt_il,15,"{""initial_trees"": 500, ""num_inc_tree"": 25, ""win_size"": 1000, ""learning_rate"": 0.005066279686694745, ""max_depth"": 8}",0.6459523238593144,0.6395721484205444,0.6437413236183875,0.6420229778025918,8389,11965,81412,20354,268.8,44,2026-05-03
CreditRisk,EMLI,emli,15,"{""k"": 8, ""margin"": 1.8345487530019349, ""lr"": 0.003098613660182382, ""n_epochs"": 10, ""triplet_weight"": 1.5482803019564866, ""consistency_weight"": 0.8249612179622382}",0.7350570902888252,0.7299507323058048,0.7274930214559705,0.7296948231635657,14334,1666,64000,16000,521.9,46,2026-05-03
WIDS,GBDT-IL,gbdt_il,15,"{""initial_trees"": 250, ""num_inc_tree"": 15, ""win_size"": 500, ""learning_rate"": 0.009294269389053169, ""max_depth"": 10}",0.8481309043645384,0.8502208027749045,0.8458191944653665,0.8483791005573988,10668,7675,73370,18343,100.5,46,2026-05-03
WIDS,GBDT-IL,gbdt_il,15,"{""initial_trees"": 500, ""num_inc_tree"": 25, ""win_size"": 1000, ""learning_rate"": 0.005264740117381622, ""max_depth"": 8}",0.8604501697429764,0.8583697297930187,0.8365488476324994,0.8492395291398003,10668,7675,73370,18343,105.6,44,2026-05-03
CreditRisk,EMLI,emli,15,"{""k"": 32, ""margin"": 1.9079175407217652, ""lr"": 0.0015272966666295663, ""n_epochs"": 20, ""triplet_weight"": 0.5331575545156348, ""consistency_weight"": 0.9605763762559736}",0.7269732723844,0.7331806212823293,0.7441513602055806,0.7343229494727128,14334,1666,64000,16000,532.4,45,2026-05-03
WIDS,GBDT-IL,gbdt_il,15,"{""initial_trees"": 250, ""num_inc_tree"": 25, ""win_size"": 1000, ""learning_rate"": 0.00542084263858169, ""max_depth"": 10}",0.8582588331878358,0.8658107753034766,0.8535420285978012,0.8606773385174515,10668,7675,73370,18343,110.4,43,2026-05-03
WeatherAUS,GBDT-IL,gbdt_il,15,"{""initial_trees"": 500, ""num_inc_tree"": 25, ""win_size"": 1000, ""learning_rate"": 0.006724474166210067, ""max_depth"": 8}",0.8748473336813322,0.8553718668900496,0.8784753281270066,0.8713141406448949,8815,19624,113754,28439,183.6,44,2026-05-03
BankLoanSta,OCDS,ocds,15,"{""gamma"": 0.32039764612178856, ""lam1"": 0.00022503240128484694, ""n_passes"": 2, ""hedge_eta"": 4.296957000135047, ""ridge_G"": 0.016634589788556926}",0.6318593189974024,0.5616669995438559,0.6605984776043607,0.5985931737299394,12535,7465,80000,20000,130.3,43,2026-05-03
DiabetesRecord,GBDT-IL,gbdt_il,15,"{""initial_trees"": 250, ""num_inc_tree"": 25, ""win_size"": 1000, ""learning_rate"": 0.005445699278863418, ""max_depth"": 10}",0.637552557260885,0.656965102730676,0.6451793704220121,0.6500369172598515,8389,11965,81412,20354,316.5,43,2026-05-03
WeatherAUS,GBDT-IL,gbdt_il,15,"{""initial_trees"": 250, ""num_inc_tree"": 15, ""win_size"": 1000, ""learning_rate"": 0.010817425395562243, ""max_depth"": 10}",0.876681929098123,0.8589101584906995,0.8799809374831336,0.8734498035888931,8815,19624,113754,28439,220.0,43,2026-05-03
DiabetesRecord,GBDT-IL,gbdt_il,15,"{""initial_trees"": 500, ""num_inc_tree"": 15, ""win_size"": 1000, ""learning_rate"": 0.010805727002610451, ""max_depth"": 8}",0.6313141601254093,0.633721728208867,0.6300130157742315,0.6315415796247845,8389,11965,81412,20354,346.4,46,2026-05-03
WeatherAUS,GBDT-IL,gbdt_il,15,"{""initial_trees"": 100, ""num_inc_tree"": 25, ""win_size"": 1000, ""learning_rate"": 0.009298275815971908, ""max_depth"": 10}",0.8768920630849926,0.8650985165503003,0.8842845001544728,0.8783375805908179,8815,19624,113754,28439,229.7,45,2026-05-03
CreditRisk,EMLI,emli,15,"{""k"": 8, ""margin"": 0.5224856444114478, ""lr"": 0.000886402443596338, ""n_epochs"": 30, ""triplet_weight"": 1.9837340358759694, ""consistency_weight"": 0.995272008815675}",0.7292995405981633,0.7320083226527326,0.712350614074305,0.7299614637470038,14334,1666,64000,16000,599.8,43,2026-05-03
BankLoanSta,OCDS,ocds,15,"{""gamma"": 0.3449008108555722, ""lam1"": 0.0010597602136732669, ""n_passes"": 2, ""hedge_eta"": 1.7105447152949835, ""ridge_G"": 0.01257200754101788}",0.6421570746351811,0.589910623004193,0.7060728351242282,0.6332681686779961,12535,7465,80000,20000,121.9,44,2026-05-03
BankLoanSta,OCDS,ocds,15,"{""gamma"": 0.11939680952183157, ""lam1"": 0.061655761633440484, ""n_passes"": 2, ""hedge_eta"": 1.4394692707372752, ""ridge_G"": 0.000978199421745445}",0.6390098310712982,0.6104148694651931,0.7108371015056482,0.6478974675742929,12535,7465,80000,20000,128.1,46,2026-05-03
BankLoanSta,OCDS,ocds,15,"{""gamma"": 0.48788648240847343, ""lam1"": 0.09683159189838358, ""n_passes"": 3, ""hedge_eta"": 1.0242379565590674, ""ridge_G"": 0.006868699917195123}",0.6323050846767462,0.5694992503379781,0.6976606537981557,0.6173354941794894,12535,7465,80000,20000,134.2,45,2026-05-03
HRAnalytics,OCDS,ocds,15,"{""gamma"": 0.48795549266576654, ""lam1"": 0.0008593815749781175, ""n_passes"": 1, ""hedge_eta"": 1.5580249245416158, ""ridge_G"": 0.014685327030822743}",0.7307043740722793,0.6532301670330187,0.7287169034836491,0.7053144392604369,1188,2644,15326,3832,16.4,44,2026-05-03
HRAnalytics,OCDS,ocds,15,"{""gamma"": 0.15224618459462755, ""lam1"": 0.018492528761988095, ""n_passes"": 2, ""hedge_eta"": 1.5672103703107585, ""ridge_G"": 0.00020877118354010682}",0.7166397112327983,0.6546157417747112,0.7873701288267505,0.7462134973502832,1188,2644,15326,3832,21.5,46,2026-05-03
HRAnalytics,OCDS,ocds,15,"{""gamma"": 0.41441323101509153, ""lam1"": 0.0920805333624807, ""n_passes"": 2, ""hedge_eta"": 1.085614117896273, ""ridge_G"": 0.010106811179049999}",0.7071788448937563,0.6032554394461227,0.7376278504951392,0.6959695978004024,1188,2644,15326,3832,23.0,45,2026-05-03
CreditRisk,OCDS,ocds,15,"{""gamma"": 0.10501428798094642, ""lam1"": 0.0011215282279568046, ""n_passes"": 2, ""hedge_eta"": 3.9550736317552775, ""ridge_G"": 0.009052282895383776}",0.6971611956160108,0.7124289329258273,0.7091440529279829,0.7120868947960518,14334,1666,64000,16000,147.5,43,2026-05-03
HRAnalytics,OCDS,ocds,15,"{""gamma"": 0.124202986473506, ""lam1"": 0.03695316952885242, ""n_passes"": 3, ""hedge_eta"": 2.936560807524503, ""ridge_G"": 0.008099298715473234}",0.7238294448539899,0.6218482949937113,0.7446622448711295,0.7065873564435792,1188,2644,15326,3832,26.1,43,2026-05-03
WIDS,EMLI,emli,15,"{""k"": 64, ""margin"": 0.6276283310963497, ""lr"": 0.005148022958175673, ""n_epochs"": 10, ""triplet_weight"": 0.5331575545156348, ""consistency_weight"": 0.37638500289019083}",0.8481917900874786,0.8245562963035801,0.8367206902793061,0.8296460702644205,10668,7675,73370,18343,516.2,45,2026-05-03
CreditRisk,EMLI,emli,15,"{""k"": 16, ""margin"": 1.7219962673662934, ""lr"": 0.0022449793332235705, ""n_epochs"": 30, ""triplet_weight"": 1.3911164441791886, ""consistency_weight"": 0.7127320670144404}",0.72156087635152,0.7395769318194266,0.736468387101622,0.7392532546006853,14334,1666,64000,16000,665.5,44,2026-05-03
FlightDelay,OCDS,ocds,15,"{""gamma"": 0.10501428798094642, ""lam1"": 0.0011215282279568046, ""n_passes"": 2, ""hedge_eta"": 3.9550736317552775, ""ridge_G"": 0.009052282895383776}",0.5846619933468167,0.5155391483516483,0.5038215714995997,0.5044074503422021,1000,19000,80000,20000,124.9,43,2026-05-03
CreditRisk,OCDS,ocds,15,"{""gamma"": 0.11005825559034073, ""lam1"": 0.0010304289249989497, ""n_passes"": 1, ""hedge_eta"": 1.0109944366690482, ""ridge_G"": 0.004750784623275498}",0.699288258746471,0.7089340486597215,0.7139191428131328,0.7094531215884455,14334,1666,64000,16000,120.6,44,2026-05-03
FlightDelay,OCDS,ocds,15,"{""gamma"": 0.9901103621280402, ""lam1"": 0.004452810166265698, ""n_passes"": 3, ""hedge_eta"": 2.970352352573075, ""ridge_G"": 0.00013981893916347236}",0.5644594005607277,0.5524911286630036,0.5803874219928018,0.5789926073263119,1000,19000,80000,20000,127.0,45,2026-05-03
CreditRisk,OCDS,ocds,15,"{""gamma"": 0.2838198634453801, ""lam1"": 0.006307590171198389, ""n_passes"": 1, ""hedge_eta"": 4.165260665814996, ""ridge_G"": 0.0003264518068774616}",0.7057723135720267,0.6847964387043062,0.6987748569539359,0.6862519415045489,14334,1666,64000,16000,120.3,45,2026-05-03
FlightDelay,OCDS,ocds,15,"{""gamma"": 0.45121249436381067, ""lam1"": 0.0009775484491848238, ""n_passes"": 3, ""hedge_eta"": 1.5580249245416158, ""ridge_G"": 0.08027753617016892}",0.6004145427135722,0.522214114010989,0.5496622643035329,0.5482898567889057,1000,19000,80000,20000,135.4,44,2026-05-03
CreditRisk,OCDS,ocds,15,"{""gamma"": 0.11371988712616912, ""lam1"": 0.007969981879148607, ""n_passes"": 2, ""hedge_eta"": 1.606256622024254, ""ridge_G"": 0.0058818793004039496}",0.7119288581550172,0.7226217862346227,0.7033282864903653,0.720612850573752,14334,1666,64000,16000,136.3,46,2026-05-03
Weather,OCDS,ocds,15,"{""gamma"": 0.8513579337990845, ""lam1"": 0.0002062473195823179, ""n_passes"": 1, ""hedge_eta"": 4.066664837562101, ""ridge_G"": 0.001518233791242678}",0.7976799823993868,0.7724993222700601,0.8011334028139656,0.7833000974512212,3114,1886,20000,5000,24.5,44,2026-05-03
WeatherAUS,GBDT-IL,gbdt_il,15,"{""initial_trees"": 250, ""num_inc_tree"": 15, ""win_size"": 1000, ""learning_rate"": 0.005124507178448492, ""max_depth"": 8}",0.8708767595046913,0.8647959530163013,0.8784548049221028,0.8742210843429812,8815,19624,113754,28439,332.3,46,2026-05-03
Weather,OCDS,ocds,15,"{""gamma"": 0.11397989995300643, ""lam1"": 0.030064110710716702, ""n_passes"": 1, ""hedge_eta"": 1.1047721532592754, ""ridge_G"": 0.021972342462233244}",0.8052987089015615,0.7550235092127547,0.8242290322149624,0.7811278324891875,3114,1886,20000,5000,28.7,43,2026-05-03
Weather,OCDS,ocds,15,"{""gamma"": 0.8431785689474848, ""lam1"": 0.0022646421171742663, ""n_passes"": 2, ""hedge_eta"": 1.3241350313924893, ""ridge_G"": 0.03694938507035367}",0.7936611609520421,0.7731312872204911,0.8231367165056587,0.7919933351468562,3114,1886,20000,5000,33.2,45,2026-05-03
DiabetesRecord,OCDS,ocds,15,"{""gamma"": 0.5664810322900145, ""lam1"": 0.002379347274434583, ""n_passes"": 1, ""hedge_eta"": 3.8369346338193004, ""ridge_G"": 0.000446829381125708}",0.5858850064359094,0.5619834132300385,0.5693625562179759,0.566321206580273,8389,11965,81412,20354,161.5,46,2026-05-03
Weather,OCDS,ocds,15,"{""gamma"": 0.7082042662473409, ""lam1"": 0.0026915403503122125, ""n_passes"": 3, ""hedge_eta"": 1.455799526560955, ""ridge_G"": 0.09009057307795351}",0.7926488580471819,0.7418504796578994,0.8207583410162879,0.7716145249622836,3114,1886,20000,5000,39.9,46,2026-05-03
DiabetesRecord,OCDS,ocds,15,"{""gamma"": 0.16024444406951446, ""lam1"": 0.00035633292890155746, ""n_passes"": 2, ""hedge_eta"": 1.7991060141234203, ""ridge_G"": 0.0005674776459724215}",0.5944405314668396,0.5749766523777473,0.6071496438505473,0.593889389086603,8389,11965,81412,20354,171.9,45,2026-05-03
MovieAugV2,OCDS,ocds,15,"{""gamma"": 0.40321137367718685, ""lam1"": 0.09656768259335673, ""n_passes"": 1, ""hedge_eta"": 1.0129202958462284, ""ridge_G"": 0.008024537291480872}",0.760340450535421,0.6773184625212947,0.8164825868927301,0.7834021844292258,5347,17147,89972,22494,124.0,44,2026-05-03
ClientRecord,PUFE,pufe,15,"{""lr"": 0.3091070140072355, ""hedge_eta"": 3.5689367115404114, ""n_passes"": 1, ""ridge"": 0.00026169958199395255}",0.8365361745799372,0.7629717511582925,0.8731298507751563,0.8058153555515085,861,548,5634,1409,5.4,43,2026-05-03
ClientRecord,PUFE,pufe,15,"{""lr"": 0.3606257432335441, ""hedge_eta"": 1.8661098762662927, ""n_passes"": 5, ""ridge"": 0.010173520498484467}",0.8558083323596349,0.7749201565381674,0.8863297656144153,0.8182505084003278,861,548,5634,1409,6.3,44,2026-05-03
ClientRecord,PUFE,pufe,15,"{""lr"": 0.19701571148298902, ""hedge_eta"": 1.8046903954086728, ""n_passes"": 5, ""ridge"": 0.0008515728614062324}",0.8297175137062781,0.7865030812828933,0.9046586796214218,0.8324571394017816,861,548,5634,1409,7.2,45,2026-05-03
DiabetesRecord,OCDS,ocds,15,"{""gamma"": 0.411183404737543, ""lam1"": 0.0009070813352156866, ""n_passes"": 3, ""hedge_eta"": 1.5724028742508218, ""ridge_G"": 0.004909338521118585}",0.5945759667201835,0.5831225427523814,0.5831176856964819,0.5831196875556713,8389,11965,81412,20354,194.4,44,2026-05-03
BankLoanSta,EMLI,emli,15,"{""k"": 32, ""margin"": 1.9944855203144696, ""lr"": 0.0018735556475568092, ""n_epochs"": 20, ""triplet_weight"": 0.5632980296814922, ""consistency_weight"": 0.9957484794500944}",0.659649538129681,0.6188266548567629,0.7315484892195157,0.6609000795326604,12535,7465,80000,20000,790.7,45,2026-05-03
BankLoanSta,EMLI,emli,15,"{""k"": 8, ""margin"": 1.456629253669582, ""lr"": 0.0009400339583655366, ""n_epochs"": 20, ""triplet_weight"": 1.1725785404898739, ""consistency_weight"": 0.618861659128285}",0.6476043484785718,0.6261865765702608,0.7263025990934777,0.6635548819770515,12535,7465,80000,20000,789.9,46,2026-05-03
DiabetesRecord,OCDS,ocds,15,"{""gamma"": 0.1184974626936132, ""lam1"": 0.003068576888717399, ""n_passes"": 3, ""hedge_eta"": 3.0937066742639288, ""ridge_G"": 0.005324873728715739}",0.596373620493447,0.5861490842701783,0.5954686736318648,0.5916275595926004,8389,11965,81412,20354,208.5,43,2026-05-03
FlightDelay,OCDS,ocds,15,"{""gamma"": 0.1285915831101091, ""lam1"": 0.07938712683263723, ""n_passes"": 2, ""hedge_eta"": 1.5761993159700063, ""ridge_G"": 0.00157252069252081}",0.6059529548350274,0.5248826694139194,0.5703812441050461,0.5681063153704897,1000,19000,80000,20000,152.5,46,2026-05-03
MovieAugV2,EMLI,emli,15,"{""k"": 16, ""margin"": 0.2567500944245953, ""lr"": 0.0062258285969045484, ""n_epochs"": 10, ""triplet_weight"": 1.314803772920609, ""consistency_weight"": 0.5280367303065279}",0.8202037069840624,0.715045606189665,0.8715614441333934,0.8343564034343129,5347,17147,89972,22494,710.1,43,2026-05-03
MovieAugV2,OCDS,ocds,15,"{""gamma"": 0.6845373552948697, ""lam1"": 0.014860626282560824, ""n_passes"": 1, ""hedge_eta"": 1.3809940754350194, ""ridge_G"": 0.0001924460380078157}",0.7762878039100505,0.6094829523944728,0.8186462854067612,0.7689265227315276,5347,17147,89972,22494,161.1,45,2026-05-03
WIDS,EMLI,emli,15,"{""k"": 32, ""margin"": 1.7252851590181844, ""lr"": 0.0030244798787224846, ""n_epochs"": 20, ""triplet_weight"": 1.606928772866143, ""consistency_weight"": 0.9250044754661461}",0.8355140468452573,0.8392369195137239,0.8489245702341466,0.8432903851016454,10668,7675,73370,18343,650.9,46,2026-05-03
MovieAugV2,OCDS,ocds,15,"{""gamma"": 0.6186353114926384, ""lam1"": 0.032010166895940315, ""n_passes"": 3, ""hedge_eta"": 2.722600643128424, ""ridge_G"": 0.0004819166487347186}",0.743658450547408,0.6528946029717964,0.8226532503205144,0.7823002900922938,5347,17147,89972,22494,179.0,43,2026-05-03
ClientRecord,PUFE,pufe,15,"{""lr"": 0.4284366871046876, ""hedge_eta"": 0.5000625158705397, ""n_passes"": 5, ""ridge"": 0.07109924092399732}",0.8322034633008842,0.7833655705996131,0.9165231192056824,0.8351543120021157,861,548,5634,1409,8.8,46,2026-05-03
BankLoanSta,PUFE,pufe,15,"{""lr"": 0.7015404176311512, ""hedge_eta"": 0.6222171648365283, ""n_passes"": 3, ""ridge"": 0.0002892033921284523}",0.6541514214050483,0.6092304903079788,0.7365125362635938,0.6567385139609121,12535,7465,80000,20000,74.1,44,2026-05-03
DiabetesRecord,EMLI,emli,15,"{""k"": 16, ""margin"": 1.1351906871735042, ""lr"": 0.0002831915226290307, ""n_epochs"": 30, ""triplet_weight"": 1.9561222732369594, ""consistency_weight"": 0.11107545581212563}",0.5929112884136497,0.5831218030031996,0.6044645536478498,0.5956680352653221,8389,11965,81412,20354,809.9,46,2026-05-03
BankLoanSta,PUFE,pufe,15,"{""lr"": 0.3698604728363143, ""hedge_eta"": 1.1852331466195984, ""n_passes"": 5, ""ridge"": 0.017884609716851647}",0.6472907977858904,0.6194879438094832,0.7275682187754925,0.6598289064405463,12535,7465,80000,20000,80.7,46,2026-05-03
WIDS,EMLI,emli,15,"{""k"": 64, ""margin"": 0.7602099420892567, ""lr"": 0.007291852309836705, ""n_epochs"": 20, ""triplet_weight"": 1.3929602036007884, ""consistency_weight"": 0.678739735900279}",0.8338978633589331,0.8352498692517357,0.8357821242245849,0.8354725731124246,10668,7675,73370,18343,690.5,44,2026-05-03
BankLoanSta,PUFE,pufe,15,"{""lr"": 0.88705107149199, ""hedge_eta"": 0.9497819882989684, ""n_passes"": 5, ""ridge"": 0.00011891152562005033}",0.6608541820283842,0.6142861288063165,0.7425489592281054,0.6621602302612493,12535,7465,80000,20000,85.3,43,2026-05-03
BankLoanSta,PUFE,pufe,15,"{""lr"": 0.5933359767966285, ""hedge_eta"": 1.414609371870704, ""n_passes"": 3, ""ridge"": 0.00023216504167966753}",0.6610164329219894,0.6217961982530407,0.7297584588040171,0.6620931120036927,12535,7465,80000,20000,86.8,45,2026-05-03
WeatherAUS,OCDS,ocds,15,"{""gamma"": 0.7589664343558569, ""lam1"": 0.010203533018477923, ""n_passes"": 2, ""hedge_eta"": 1.164983701500152, ""ridge_G"": 0.02039715149955063}",0.8518240248775066,0.8330705298774679,0.8539051842182648,0.8474472399159291,8815,19624,113754,28439,159.7,44,2026-05-03
MovieAugV2,OCDS,ocds,15,"{""gamma"": 0.7082042662473409, ""lam1"": 0.09671981573286778, ""n_passes"": 1, ""hedge_eta"": 6.270977205539465, ""ridge_G"": 0.08921375245016612}",0.7448532658871735,0.6733759819231497,0.7806399425954177,0.7551424589235667,5347,17147,89972,22494,158.4,46,2026-05-03
CreditRisk,PUFE,pufe,15,"{""lr"": 0.10634066793271246, ""hedge_eta"": 0.5116036766167, ""n_passes"": 5, ""ridge"": 0.00011097601500524937}",0.7375150803843333,0.7354885553255119,0.7250923271706747,0.7344060480688895,14334,1666,64000,16000,58.4,46,2026-05-03
CreditRisk,PUFE,pufe,15,"{""lr"": 0.4802498989851163, ""hedge_eta"": 2.8340492349235955, ""n_passes"": 3, ""ridge"": 0.02819881081631662}",0.7259334713423694,0.7315950655624568,0.7434713513391666,0.7328316838189567,14334,1666,64000,16000,62.1,45,2026-05-03
WeatherAUS,OCDS,ocds,15,"{""gamma"": 0.7031306482321437, ""lam1"": 0.013006092057794096, ""n_passes"": 1, ""hedge_eta"": 1.5818360782117145, ""ridge_G"": 0.024390269240315805}",0.8468293159652567,0.8220564749464917,0.8456081679185797,0.8383080457782459,8815,19624,113754,28439,184.6,43,2026-05-03
WeatherAUS,OCDS,ocds,15,"{""gamma"": 0.6967190030141636, ""lam1"": 0.023440156903929907, ""n_passes"": 3, ""hedge_eta"": 1.73757680982707, ""ridge_G"": 0.0023570826396412566}",0.8490442615600491,0.8261033165038043,0.8599602639346673,0.8494659078882854,8815,19624,113754,28439,188.3,46,2026-05-03
WeatherAUS,OCDS,ocds,15,"{""gamma"": 0.41517054044587837, ""lam1"": 0.06385835039644083, ""n_passes"": 3, ""hedge_eta"": 1.033889102683265, ""ridge_G"": 0.01306838630759626}",0.8496041404924574,0.8306111301685732,0.8624054115074881,0.8525504028924688,8815,19624,113754,28439,189.6,45,2026-05-03
BankLoanSta,EMLI,emli,15,"{""k"": 64, ""margin"": 1.9973108229300327, ""lr"": 0.0018382892588937453, ""n_epochs"": 30, ""triplet_weight"": 0.9727536283074665, ""consistency_weight"": 0.10865800836206424}",0.6503687765248023,0.6037842947341935,0.7329530045434163,0.6519965156704859,12535,7465,80000,20000,925.7,43,2026-05-03
HRAnalytics,PUFE,pufe,15,"{""lr"": 0.31304218348049817, ""hedge_eta"": 3.6119903608445347, ""n_passes"": 1, ""ridge"": 0.00026169958199395255}",0.74292624775068,0.6317603705053307,0.7543313113567953,0.716331760800548,1188,2644,15326,3832,14.1,43,2026-05-03
HRAnalytics,PUFE,pufe,15,"{""lr"": 0.5192970046109471, ""hedge_eta"": 1.9080970578988954, ""n_passes"": 3, ""ridge"": 0.0012626884321245186}",0.7204537469875901,0.6155728021816557,0.7997230453712838,0.7426326255097812,1188,2644,15326,3832,16.2,46,2026-05-03
HRAnalytics,PUFE,pufe,15,"{""lr"": 0.23141674128010056, ""hedge_eta"": 4.979202288507589, ""n_passes"": 3, ""ridge"": 0.01441761726532274}",0.7375670419887617,0.6353337721721345,0.7553518755301238,0.7181437578919998,1188,2644,15326,3832,16.4,44,2026-05-03
DiabetesRecord,PUFE,pufe,15,"{""lr"": 0.17933451027541106, ""hedge_eta"": 2.7841136784747436, ""n_passes"": 1, ""ridge"": 0.02548731817464164}",0.5947680301760532,0.5841507372112731,0.6039551122628908,0.5957926428559919,8389,11965,81412,20354,78.5,46,2026-05-03
HRAnalytics,PUFE,pufe,15,"{""lr"": 0.902234637232431, ""hedge_eta"": 4.509501928530096, ""n_passes"": 1, ""ridge"": 0.02474161073393789}",0.7153977034245981,0.6289833437165728,0.7687764818387295,0.7254376905837394,1188,2644,15326,3832,19.3,45,2026-05-03
DiabetesRecord,PUFE,pufe,15,"{""lr"": 0.1800352146871987, ""hedge_eta"": 0.6492825117961676, ""n_passes"": 3, ""ridge"": 0.04420514744344238}",0.6011754989559521,0.5913251661988796,0.6065799845738135,0.6002926370574864,8389,11965,81412,20354,83.3,44,2026-05-03
DiabetesRecord,PUFE,pufe,15,"{""lr"": 0.057217919953454675, ""hedge_eta"": 3.4835557996100324, ""n_passes"": 3, ""ridge"": 0.012038456316030897}",0.5979064435601753,0.5897001648616407,0.6037561203378288,0.5979628899904895,8389,11965,81412,20354,91.0,43,2026-05-03
CreditRisk,PUFE,pufe,15,"{""lr"": 0.18790526953423206, ""hedge_eta"": 4.979202288507589, ""n_passes"": 5, ""ridge"": 0.00387269740029439}",0.7205125339791831,0.7409850252500355,0.7381477460148098,0.7406895935496676,14334,1666,64000,16000,85.8,44,2026-05-03
CreditRisk,PUFE,pufe,15,"{""lr"": 0.09418295597680797, ""hedge_eta"": 0.8048702103935298, ""n_passes"": 5, ""ridge"": 0.010511344985790238}",0.7297734622008991,0.7349424069144567,0.7147081033763756,0.732835510058554,14334,1666,64000,16000,92.5,43,2026-05-03
WIDS,OCDS,ocds,15,"{""gamma"": 0.124202986473506, ""lam1"": 0.028962954011431497, ""n_passes"": 3, ""hedge_eta"": 1.0678329112811027, ""ridge_G"": 0.007786777545708276}",0.8072179204716798,0.7963078107995436,0.7996876046647782,0.797721969765671,10668,7675,73370,18343,216.5,43,2026-05-03
DiabetesRecord,PUFE,pufe,15,"{""lr"": 0.05133805021732232, ""hedge_eta"": 0.7834171054235681, ""n_passes"": 5, ""ridge"": 0.04592797462826311}",0.5990101630220771,0.5760265840818267,0.6153819202785807,0.5991614272376763,8389,11965,81412,20354,101.3,45,2026-05-03
FlightDelay,PUFE,pufe,15,"{""lr"": 0.09775574819014403, ""hedge_eta"": 3.3976513158096244, ""n_passes"": 3, ""ridge"": 0.09562806327432315}",0.6102628879658598,0.6001101762820513,0.6136707707429401,0.6129927410198955,1000,19000,80000,20000,102.6,43,2026-05-03
WIDS,OCDS,ocds,15,"{""gamma"": 0.48788648240847343, ""lam1"": 0.09529540846412407, ""n_passes"": 1, ""hedge_eta"": 4.579603571000172, ""ridge_G"": 0.012394005139500277}",0.7948420488848509,0.7389603757866334,0.7196691757020071,0.7308886339423599,10668,7675,73370,18343,155.7,45,2026-05-03
BankLoanSta,EMLI,emli,15,"{""k"": 16, ""margin"": 1.3570911151738216, ""lr"": 0.0004312379011177427, ""n_epochs"": 30, ""triplet_weight"": 0.5505162143869775, ""consistency_weight"": 0.4280310015628431}",0.6571746332794953,0.613099208062928,0.7357963944398525,0.658895932878115,12535,7465,80000,20000,944.9,44,2026-05-03
WIDS,EMLI,emli,15,"{""k"": 64, ""margin"": 1.5683202396953586, ""lr"": 0.0008966574937435499, ""n_epochs"": 30, ""triplet_weight"": 1.080563055565377, ""consistency_weight"": 0.23771041776708945}",0.8452431360107743,0.8341197285924443,0.8351711871235054,0.8345596753964509,10668,7675,73370,18343,789.2,43,2026-05-03
WIDS,OCDS,ocds,15,"{""gamma"": 0.15224618459462755, ""lam1"": 0.018492528761988095, ""n_passes"": 2, ""hedge_eta"": 1.5672103703107585, ""ridge_G"": 0.00020877118354010682}",0.8061664532782593,0.8046562618413792,0.8092605007136446,0.8065827478766318,10668,7675,73370,18343,181.8,46,2026-05-03
WIDS,OCDS,ocds,15,"{""gamma"": 0.4163428488555117, ""lam1"": 0.00647566067234382, ""n_passes"": 2, ""hedge_eta"": 1.014818940467173, ""ridge_G"": 0.004918663228183978}",0.8040159209169307,0.747841653161158,0.7886868886316336,0.7649319427667788,10668,7675,73370,18343,188.6,44,2026-05-03
Weather,PUFE,pufe,15,"{""lr"": 0.9900650440159384, ""hedge_eta"": 0.54842368483707, ""n_passes"": 3, ""ridge"": 0.0015671160869941507}",0.8088619652151349,0.807753522009462,0.8317048810144171,0.8167879746261311,3114,1886,20000,5000,18.5,44,2026-05-03
Weather,PUFE,pufe,15,"{""lr"": 0.7453850241641315, ""hedge_eta"": 3.935059040788425, ""n_passes"": 5, ""ridge"": 0.009055656576089961}",0.8255011642686886,0.7963772784114593,0.867520810785532,0.8232126188229595,3114,1886,20000,5000,19.0,46,2026-05-03
Weather,PUFE,pufe,15,"{""lr"": 0.26187468607910414, ""hedge_eta"": 3.977468936659693, ""n_passes"": 3, ""ridge"": 0.08716938701489473}",0.8236747853665473,0.7881614425591082,0.8489046779171844,0.8110737909361746,3114,1886,20000,5000,20.7,45,2026-05-03
Weather,PUFE,pufe,15,"{""lr"": 0.9350629529245543, ""hedge_eta"": 1.10561077287156, ""n_passes"": 3, ""ridge"": 0.00014302144323108886}",0.82458093200361,0.7967442728176367,0.8450147646343582,0.8149519023309041,3114,1886,20000,5000,26.7,43,2026-05-03
FlightDelay,PUFE,pufe,15,"{""lr"": 0.3196601812213679, ""hedge_eta"": 0.5261261851523834, ""n_passes"": 5, ""ridge"": 0.0007129915978719491}",0.612438174054047,0.5887992216117215,0.6140137463984255,0.6127530201590904,1000,19000,80000,20000,93.2,46,2026-05-03
FlightDelay,PUFE,pufe,15,"{""lr"": 0.7086112576887659, ""hedge_eta"": 0.5327720968533469, ""n_passes"": 5, ""ridge"": 0.03537263459413018}",0.6107377550876171,0.6178743131868132,0.6185223602689558,0.6184899579148486,1000,19000,80000,20000,108.7,45,2026-05-03
MovieAugV2,EMLI,emli,15,"{""k"": 64, ""margin"": 1.0210702527512785, ""lr"": 0.0036880088205928, ""n_epochs"": 20, ""triplet_weight"": 1.9715762694952959, ""consistency_weight"": 0.3942556920348802}",0.8125657365151889,0.6903171138557638,0.8721010932873833,0.828889617426226,5347,17147,89972,22494,903.7,44,2026-05-03
DiabetesRecord,EMLI,emli,15,"{""k"": 64, ""margin"": 1.5880097085177538, ""lr"": 0.0005940235786601731, ""n_epochs"": 30, ""triplet_weight"": 0.5331575545156348, ""consistency_weight"": 0.4432397267015421}",0.5985217313553597,0.5774697778316973,0.6136715851068414,0.5987508343339621,8389,11965,81412,20354,947.4,45,2026-05-03
FlightDelay,EMLI,emli,15,"{""k"": 64, ""margin"": 1.3613658843143617, ""lr"": 0.0005167791490416805, ""n_epochs"": 30, ""triplet_weight"": 0.561200181424993, ""consistency_weight"": 0.995272008815675}",0.608538681107067,0.5997596153846154,0.6145611043823764,0.6138210299324883,1000,19000,80000,20000,972.4,43,2026-05-03
WIDS,PUFE,pufe,15,"{""lr"": 0.4204752334777952, ""hedge_eta"": 1.9749740761552048, ""n_passes"": 3, ""ridge"": 0.0015671160869941507}",0.8338155541275242,0.8316618670371906,0.8459958142050573,0.8376594162119917,10668,7675,73370,18343,70.5,44,2026-05-03
MovieAugV2,PUFE,pufe,15,"{""lr"": 0.10443879306816711, ""hedge_eta"": 0.5327720968533469, ""n_passes"": 1, ""ridge"": 0.03537263459413018}",0.8511225403349797,0.6745383186636381,0.869891724556752,0.8234546897336668,5347,17147,89972,22494,127.4,45,2026-05-03
WIDS,PUFE,pufe,15,"{""lr"": 0.21168357498069745, ""hedge_eta"": 0.8974362403523656, ""n_passes"": 3, ""ridge"": 0.00012969636423724844}",0.8430144848558556,0.8317279557969104,0.8325366203978681,0.8320663137979109,10668,7675,73370,18343,74.4,43,2026-05-03
WIDS,PUFE,pufe,15,"{""lr"": 0.33248631941367196, ""hedge_eta"": 0.6217804128181056, ""n_passes"": 3, ""ridge"": 0.0035334942927490046}",0.8317740596550937,0.8396341381145311,0.8592278307061977,0.8478324475863209,10668,7675,73370,18343,74.7,46,2026-05-03
MovieAugV2,PUFE,pufe,15,"{""lr"": 0.12400670799522252, ""hedge_eta"": 1.344480843604422, ""n_passes"": 5, ""ridge"": 0.0015276776799445426}",0.8326771618305502,0.6873062772099187,0.8928729775500027,0.844008162634095,5347,17147,89972,22494,140.0,44,2026-05-03
MovieAugV2,PUFE,pufe,15,"{""lr"": 0.05649561659529178, ""hedge_eta"": 3.175607296421439, ""n_passes"": 3, ""ridge"": 0.09970103292388674}",0.8423932634036876,0.727106698372137,0.8816570306624074,0.8449192060533527,5347,17147,89972,22494,140.3,43,2026-05-03
DiabetesRecord,EMLI,emli,15,"{""k"": 16, ""margin"": 0.7029714650717067, ""lr"": 0.00041195057904985815, ""n_epochs"": 30, ""triplet_weight"": 0.6429269923417227, ""consistency_weight"": 0.8181797363660696}",0.6027572897346687,0.5921825924043465,0.6036089336148007,0.5988995115643684,8389,11965,81412,20354,977.2,44,2026-05-03
WIDS,PUFE,pufe,15,"{""lr"": 0.9975825123830606, ""hedge_eta"": 2.426620100607469, ""n_passes"": 5, ""ridge"": 0.02532253255062643}",0.8464721858826041,0.8283313594366402,0.8398914856811948,0.8331682982649101,10668,7675,73370,18343,92.6,45,2026-05-03
FlightDelay,EMLI,emli,15,"{""k"": 64, ""margin"": 0.9993415155080861, ""lr"": 0.0001163257682291708, ""n_epochs"": 10, ""triplet_weight"": 0.8658524828553676, ""consistency_weight"": 0.3841773057646059}",0.6121946212299467,0.5862737522893773,0.6149808466338169,0.6135454919165949,1000,19000,80000,20000,947.5,46,2026-05-03
DiabetesRecord,EMLI,emli,15,"{""k"": 64, ""margin"": 1.5612887920849254, ""lr"": 0.000645873882039401, ""n_epochs"": 30, ""triplet_weight"": 1.2840696262103157, ""consistency_weight"": 0.2657534247161797}",0.5992619878102939,0.5917478190487008,0.6010209498879684,0.5971989839544607,8389,11965,81412,20354,1050.8,43,2026-05-03
MovieAugV2,PUFE,pufe,15,"{""lr"": 0.05685114794275551, ""hedge_eta"": 1.3798669342279786, ""n_passes"": 1, ""ridge"": 0.00017977275102166256}",0.8313840684811823,0.7368993114707553,0.8889841791786603,0.852832414813311,5347,17147,89972,22494,156.4,46,2026-05-03
WeatherAUS,PUFE,pufe,15,"{""lr"": 0.5575984133663896, ""hedge_eta"": 1.1922996323889752, ""n_passes"": 5, ""ridge"": 0.00016501500625300516}",0.8628784003227549,0.8389833707322866,0.8704008973620492,0.860662668266745,8815,19624,113754,28439,159.8,44,2026-05-03
WeatherAUS,PUFE,pufe,15,"{""lr"": 0.46364000247621756, ""hedge_eta"": 3.4069386257892904, ""n_passes"": 5, ""ridge"": 0.0035360278062648008}",0.8601182316266871,0.8408210997061151,0.8674458902758365,0.8591932256648414,8815,19624,113754,28439,163.6,46,2026-05-03
WeatherAUS,PUFE,pufe,15,"{""lr"": 0.5933359767966285, ""hedge_eta"": 1.414609371870704, ""n_passes"": 3, ""ridge"": 0.00023216504167966753}",0.8605723146088092,0.8377331985833883,0.87460124059902,0.8631735606395349,8815,19624,113754,28439,178.9,45,2026-05-03
MovieAugV2,EMLI,emli,15,"{""k"": 32, ""margin"": 0.11352044460958227, ""lr"": 0.0009516135886265269, ""n_epochs"": 30, ""triplet_weight"": 0.7498880892834483, ""consistency_weight"": 0.47554450388601627}",0.8396724850222126,0.6719267579973499,0.8374268659369307,0.7980861938842528,5347,17147,89972,22494,1038.8,45,2026-05-03
WeatherAUS,PUFE,pufe,15,"{""lr"": 0.8128034546162349, ""hedge_eta"": 3.176600695205113, ""n_passes"": 5, ""ridge"": 0.0001807016071565416}",0.8645313502198225,0.838825751832675,0.8651300905108961,0.8569767537040984,8815,19624,113754,28439,191.4,43,2026-05-03
WeatherAUS,EMLI,emli,15,"{""k"": 32, ""margin"": 1.960096390333939, ""lr"": 0.00416846338810551, ""n_epochs"": 20, ""triplet_weight"": 1.9210951425631042, ""consistency_weight"": 0.10931223575873072}",0.8611135486764604,0.8400495093914331,0.867237117737679,0.8588100011874431,8815,19624,113754,28439,1069.4,46,2026-05-03
MovieAugV2,EMLI,emli,15,"{""k"": 8, ""margin"": 0.3830789130018196, ""lr"": 0.002213858847221308, ""n_epochs"": 10, ""triplet_weight"": 0.5870769743243792, ""consistency_weight"": 0.7800988908537356}",0.8235036398599951,0.7317619605337876,0.873562293352556,0.8398552434911727,5347,17147,89972,22494,1138.4,46,2026-05-03
WeatherAUS,EMLI,emli,15,"{""k"": 16, ""margin"": 0.30688263105183755, ""lr"": 0.0009711147380266356, ""n_epochs"": 10, ""triplet_weight"": 0.6690198171278567, ""consistency_weight"": 0.8679678932906368}",0.8634702399374853,0.8419152717867855,0.8686069089875322,0.8603335244829934,8815,19624,113754,28439,1271.8,44,2026-05-03
FlightDelay,EMLI,emli,15,"{""k"": 16, ""margin"": 0.7029714650717067, ""lr"": 0.00041195057904985815, ""n_epochs"": 30, ""triplet_weight"": 0.6429269923417227, ""consistency_weight"": 0.8181797363660696}",0.6118588270514862,0.6247639079670331,0.6168355815708488,0.617231997890658,1000,19000,80000,20000,1316.6,44,2026-05-03
FlightDelay,EMLI,emli,15,"{""k"": 32, ""margin"": 0.15238578709838746, ""lr"": 0.002127430535279524, ""n_epochs"": 30, ""triplet_weight"": 0.7503755277175937, ""consistency_weight"": 0.3724958805424282}",0.6100859690215268,0.6286415407509158,0.6159563308036375,0.6165905913010015,1000,19000,80000,20000,1360.9,45,2026-05-03
WeatherAUS,EMLI,emli,15,"{""k"": 64, ""margin"": 1.8683, ""lr"": 0.001599, ""n_epochs"": 30, ""triplet_weight"": 1.0317, ""consistency_weight"": 0.2125}",0.8649,0.8398,0.8668,0.8584,8815,19624,113754,28439,1712.1,43,2026-05-03
FlightDelay,PUFE,pufe,15,"{""lr"": 0.16266, ""hedge_eta"": 1.28246, ""n_passes"": 5, ""ridge"": 0.00234}",0.6131,0.6227,0.6165,0.6168,1000,19000,80000,20000,105.8,44,2026-05-03
WeatherAUS,EMLI,emli,15,"{""k"": 64, ""margin"": 0.42992391974340566, ""lr"": 0.0004260776321532835, ""n_epochs"": 30, ""triplet_weight"": 1.9614063305322122, ""consistency_weight"": 0.3642275827862158}",0.8608678187795353,0.8392757869573677,0.8753583091310246,0.8641741102154232,8815,19624,113754,28439,1849.6,45,2026-05-03
